{
	"textures": {
		"0": "minecraft:custom/spider/mutant_spider3"
	},
	"display": {
		"head": {
			"rotation": [0, 180, 0]
		}
	},
	"elements": [
		{
			"from": [-8, 7, 7],
			"to": [9, 9, 9],
			"rotation": {
				"angle": 0,
				"axis": "y",
				"origin": [12, -1, 4]
			},
			"faces": {
				"north": {
					"uv": [4, 7.125, 6.125, 7.375],
					"texture": "#0"
				},
				"east": {
					"uv": [0.25, 7.5, 0.5, 7.75],
					"texture": "#0"
				},
				"south": {
					"uv": [7.125, 5.75, 9.25, 6],
					"texture": "#0"
				},
				"west": {
					"uv": [0.5, 7.5, 0.75, 7.75],
					"texture": "#0"
				},
				"up": {
					"uv": [9.25, 6.25, 7.125, 6],
					"texture": "#0"
				},
				"down": {
					"uv": [8.25, 7.125, 6.125, 7.375],
					"texture": "#0"
				}
			}
		}
	]
}