{
	"textures": {
		"0": "minecraft:custom/spider/mutant_spider3"
	},
	"display": {
		"head": {
			"rotation": [0, 180, 0]
		}
	},
	"elements": [
		{
			"from": [7, 7, 7],
			"to": [25, 9, 9],
			"faces": {
				"north": {
					"uv": [6.625, 1, 8.875, 1.25],
					"texture": "#0"
				},
				"east": {
					"uv": [4.75, 5.875, 5, 6.125],
					"texture": "#0"
				},
				"south": {
					"uv": [6.625, 1.25, 8.875, 1.5],
					"texture": "#0"
				},
				"west": {
					"uv": [5, 5.875, 5.25, 6.125],
					"texture": "#0"
				},
				"up": {
					"uv": [8.875, 1.75, 6.625, 1.5],
					"texture": "#0"
				},
				"down": {
					"uv": [8.875, 1.75, 6.625, 2],
					"texture": "#0"
				}
			}
		}
	]
}