{
	"textures": {
		"0": "minecraft:custom/spider/mutant_spider3"
	},
	"display": {
		"head": {
			"rotation": [0, 180, 0]
		}
	},
	"elements": [
		{
			"from": [7, 7, 7],
			"to": [24, 9, 9],
			"faces": {
				"north": {
					"uv": [7.125, 6.25, 9.25, 6.5],
					"texture": "#0"
				},
				"east": {
					"uv": [5.875, 8.375, 6.125, 8.625],
					"texture": "#0"
				},
				"south": {
					"uv": [7.125, 6.5, 9.25, 6.75],
					"texture": "#0"
				},
				"west": {
					"uv": [6.125, 8.375, 6.375, 8.625],
					"texture": "#0"
				},
				"up": {
					"uv": [4, 7.625, 1.875, 7.375],
					"texture": "#0"
				},
				"down": {
					"uv": [6.125, 7.375, 4, 7.625],
					"texture": "#0"
				}
			}
		}
	]
}