{
	"textures": {
		"0": "minecraft:custom/spider/mutant_spider3"
	},
	"display": {
		"head": {
			"rotation": [0, 180, 0]
		}
	},
	"elements": [
		{
			"from": [5, 5, 5],
			"to": [11, 11, 11],
			"faces": {
				"north": {
					"uv": [0.75, 1.75, 1.5, 2.5],
					"texture": "#0"
				},
				"east": {
					"uv": [0, 1.75, 0.75, 2.5],
					"texture": "#0"
				},
				"south": {
					"uv": [2.25, 1.75, 3, 2.5],
					"texture": "#0"
				},
				"west": {
					"uv": [1.5, 1.75, 2.25, 2.5],
					"texture": "#0"
				},
				"up": {
					"uv": [1.5, 1.75, 0.75, 1],
					"texture": "#0"
				},
				"down": {
					"uv": [2.25, 1, 1.5, 1.75],
					"texture": "#0"
				}
			}
		},
		{
			"from": [4, 4, 11],
			"to": [12, 12, 21],
			"rotation": {
				"angle": 0,
				"axis": "y",
				"origin": [8, -1, 14]
			},
			"faces": {
				"north": {
					"uv": [3.75, 5.875, 4.75, 6.875],
					"texture": "#0"
				},
				"east": {
					"uv": [4.5, 0, 5.75, 1],
					"texture": "#0"
				},
				"south": {
					"uv": [0, 6.25, 1, 7.25],
					"texture": "#0"
				},
				"west": {
					"uv": [1.75, 4.625, 3, 5.625],
					"texture": "#0"
				},
				"up": {
					"uv": [6.25, 5.5, 5.25, 4.25],
					"texture": "#0"
				},
				"down": {
					"uv": [6.25, 5.5, 5.25, 6.75],
					"texture": "#0"
				}
			}
		}
	]
}