{
	"textures": {
		"0": "minecraft:custom/spider/mutant_spider3"
	},
	"display": {
		"head": {
			"rotation": [0, 180, 0]
		}
	},
	"elements": [
		{
			"from": [7.25, 7.25, 4],
			"to": [8.75, 8.75, 9],
			"rotation": {
				"angle": 0,
				"axis": "y",
				"origin": [4.75, 2.25, 19]
			},
			"faces": {
				"north": {
					"uv": [3, 2.25, 3.25, 2.5],
					"texture": "#0"
				},
				"east": {
					"uv": [2.75, 5.625, 3.375, 5.875],
					"texture": "#0"
				},
				"south": {
					"uv": [3.25, 2.25, 3.5, 2.5],
					"texture": "#0"
				},
				"west": {
					"uv": [5.625, 4, 6.25, 4.25],
					"texture": "#0"
				},
				"up": {
					"uv": [3.25, 1.625, 3, 1],
					"texture": "#0"
				},
				"down": {
					"uv": [3.25, 1.625, 3, 2.25],
					"texture": "#0"
				}
			}
		},
		{
			"from": [0.20406, 7.275, -3.98959],
			"to": [1.70406, 8.725, -0.98959],
			"rotation": {
				"angle": -45,
				"axis": "y",
				"origin": [-2.29594, 2.25, 10.01041]
			},
			"faces": {
				"north": {
					"uv": [6, 6.75, 6.25, 6.875],
					"texture": "#0"
				},
				"east": {
					"uv": [1, 6.5, 1.375, 6.625],
					"texture": "#0"
				},
				"south": {
					"uv": [7.125, 6.75, 7.375, 6.875],
					"texture": "#0"
				},
				"west": {
					"uv": [1.375, 6.5, 1.75, 6.625],
					"texture": "#0"
				},
				"up": {
					"uv": [3.25, 5, 3, 4.625],
					"texture": "#0"
				},
				"down": {
					"uv": [3.5, 4.625, 3.25, 5],
					"texture": "#0"
				}
			}
		}
	]
}