{
	"textures": {
		"0": "minecraft:custom/flying_book/enchantment_book_page",
		"1": "minecraft:custom/flying_book/magic_book_back"
	},
	"display": {
		"head": {
			"rotation": [0, 180, 0]
		}
	},
	"elements": [
		{
			"from": [-0.25, 7.95, 3],
			"to": [8.75, 8.5, 12.8],
			"rotation": {
				"angle": -22.5,
				"axis": "z",
				"origin": [8.75, 8.5, -8]
			},
			"faces": {
				"north": {
					"uv": [9, 3, 13.5, 3.5],
					"texture": "#0"
				},
				"east": {
					"uv": [9, 1, 15, 1.5],
					"texture": "#0"
				},
				"south": {
					"uv": [9, 3.5, 13.5, 4],
					"texture": "#0"
				},
				"west": {
					"uv": [9, 1.5, 15, 2],
					"texture": "#0"
				},
				"up": {
					"uv": [4.5, 12, 0, 6],
					"texture": "#0"
				},
				"down": {
					"uv": [9, 6, 4.5, 12],
					"texture": "#0"
				}
			}
		},
		{
			"from": [-0.5, 7.75, 2.75],
			"to": [8.75, 8, 13.05],
			"rotation": {
				"angle": -22.5,
				"axis": "z",
				"origin": [8.75, 9, -8]
			},
			"faces": {
				"north": {
					"uv": [5.5, 2, 7.875, 2.125],
					"texture": "#1"
				},
				"east": {
					"uv": [5.5, 1, 8.625, 1.125],
					"texture": "#1"
				},
				"south": {
					"uv": [5.5, 2.25, 7.875, 2.375],
					"texture": "#1"
				},
				"west": {
					"uv": [5.5, 1.25, 8.625, 1.375],
					"texture": "#1"
				},
				"up": {
					"uv": [2.375, 6.375, 0, 3.25],
					"texture": "#1"
				},
				"down": {
					"uv": [4.875, 3.25, 2.5, 6.375],
					"texture": "#1"
				}
			}
		}
	]
}