{
	"textures": {
		"4": "minecraft:custom/sculk_hand"
	},
	"display": {
		"head": {
			"rotation": [0, 180, 0]
		}
	},
	"elements": [
		{
			"from": [7, 8, 6],
			"to": [9, 11.75, 8],
			"rotation": {
				"angle": 0,
				"axis": "y",
				"origin": [8, 8, 7]
			},
			"faces": {
				"north": {
					"uv": [6.5, 4, 7, 5],
					"texture": "#4"
				},
				"east": {
					"uv": [6.5, 5, 7, 6],
					"texture": "#4"
				},
				"south": {
					"uv": [6.5, 6, 7, 7],
					"texture": "#4"
				},
				"west": {
					"uv": [2, 6.75, 2.5, 7.75],
					"texture": "#4"
				},
				"up": {
					"uv": [7.5, 8, 7, 7.5],
					"texture": "#4"
				},
				"down": {
					"uv": [8, 7.25, 7.5, 7.75],
					"texture": "#4"
				}
			}
		}
	]
}