{
	"textures": {
		"4": "minecraft:custom/sculk_hand"
	},
	"display": {
		"head": {
			"rotation": [0, 180, 0]
		}
	},
	"elements": [
		{
			"from": [7, 8, 6],
			"to": [9, 11.75, 8],
			"rotation": {
				"angle": 0,
				"axis": "y",
				"origin": [8, 8, 7]
			},
			"faces": {
				"north": {
					"uv": [1, 7, 1.5, 8],
					"texture": "#4"
				},
				"east": {
					"uv": [7, 1, 7.5, 2],
					"texture": "#4"
				},
				"south": {
					"uv": [1.5, 7, 2, 8],
					"texture": "#4"
				},
				"west": {
					"uv": [7, 2, 7.5, 3],
					"texture": "#4"
				},
				"up": {
					"uv": [7, 8.25, 6.5, 7.75],
					"texture": "#4"
				},
				"down": {
					"uv": [8, 7.75, 7.5, 8.25],
					"texture": "#4"
				}
			}
		}
	]
}