{
	"textures": {
		"4": "minecraft:custom/sculk_hand"
	},
	"display": {
		"head": {
			"rotation": [0, 180, 0]
		}
	},
	"elements": [
		{
			"from": [7, 8, 6],
			"to": [9, 12, 8],
			"rotation": {
				"angle": 0,
				"axis": "y",
				"origin": [8, 8, 7]
			},
			"faces": {
				"north": {
					"uv": [5.5, 6.75, 6, 7.75],
					"texture": "#4"
				},
				"east": {
					"uv": [0, 7, 0.5, 8],
					"texture": "#4"
				},
				"south": {
					"uv": [7, 0, 7.5, 1],
					"texture": "#4"
				},
				"west": {
					"uv": [0.5, 7, 1, 8],
					"texture": "#4"
				},
				"up": {
					"uv": [4.25, 8.25, 3.75, 7.75],
					"texture": "#4"
				},
				"down": {
					"uv": [4.75, 7.75, 4.25, 8.25],
					"texture": "#4"
				}
			}
		}
	]
}