{
	"textures": {
		"4": "minecraft:custom/sculk_hand"
	},
	"display": {
		"head": {
			"rotation": [0, 180, 0]
		}
	},
	"elements": [
		{
			"from": [7, 8, 6],
			"to": [9, 12, 8],
			"rotation": {
				"angle": 0,
				"axis": "y",
				"origin": [8, 8, 7]
			},
			"faces": {
				"north": {
					"uv": [6.5, 2, 7, 3],
					"texture": "#4"
				},
				"east": {
					"uv": [3, 6.5, 3.5, 7.5],
					"texture": "#4"
				},
				"south": {
					"uv": [6.5, 3, 7, 4],
					"texture": "#4"
				},
				"west": {
					"uv": [3.5, 6.5, 4, 7.5],
					"texture": "#4"
				},
				"up": {
					"uv": [8, 5.75, 7.5, 5.25],
					"texture": "#4"
				},
				"down": {
					"uv": [8, 5.75, 7.5, 6.25],
					"texture": "#4"
				}
			}
		}
	]
}