{
	"textures": {
		"4": "minecraft:custom/sculk_hand"
	},
	"display": {
		"head": {
			"rotation": [0, 180, 0]
		}
	},
	"elements": [
		{
			"from": [8, 7, 7],
			"to": [9, 10, 9],
			"rotation": {
				"angle": 0,
				"axis": "y",
				"origin": [10, 8, 8]
			},
			"faces": {
				"north": {
					"uv": [5.75, 7.75, 6, 8.5],
					"texture": "#4"
				},
				"east": {
					"uv": [7, 6, 7.5, 6.75],
					"texture": "#4"
				},
				"south": {
					"uv": [1, 8, 1.25, 8.75],
					"texture": "#4"
				},
				"west": {
					"uv": [6.5, 7, 7, 7.75],
					"texture": "#4"
				},
				"up": {
					"uv": [8.25, 1.75, 8, 1.25],
					"texture": "#4"
				},
				"down": {
					"uv": [8.25, 1.75, 8, 2.25],
					"texture": "#4"
				}
			}
		},
		{
			"from": [6, 7, 7],
			"to": [8, 11, 9],
			"rotation": {
				"angle": 0,
				"axis": "y",
				"origin": [8, 7, 8]
			},
			"faces": {
				"north": {
					"uv": [2, 5.75, 2.5, 6.75],
					"texture": "#4"
				},
				"east": {
					"uv": [2.5, 5.75, 3, 6.75],
					"texture": "#4"
				},
				"south": {
					"uv": [5.5, 5.75, 6, 6.75],
					"texture": "#4"
				},
				"west": {
					"uv": [6, 2, 6.5, 3],
					"texture": "#4"
				},
				"up": {
					"uv": [8, 3.75, 7.5, 3.25],
					"texture": "#4"
				},
				"down": {
					"uv": [8, 3.75, 7.5, 4.25],
					"texture": "#4"
				}
			}
		}
	]
}