{
	"textures": {
		"4": "minecraft:custom/sculk_hand"
	},
	"display": {
		"head": {
			"rotation": [0, 180, 0]
		}
	},
	"elements": [
		{
			"from": [2.5, 12, 6],
			"to": [8.5, 15, 10],
			"rotation": {
				"angle": 0,
				"axis": "y",
				"origin": [8, 8, 8]
			},
			"faces": {
				"north": {
					"uv": [4, 4, 5.5, 4.75],
					"texture": "#4"
				},
				"east": {
					"uv": [1, 5, 2, 5.75],
					"texture": "#4"
				},
				"south": {
					"uv": [4, 4.75, 5.5, 5.5],
					"texture": "#4"
				},
				"west": {
					"uv": [2, 5, 3, 5.75],
					"texture": "#4"
				},
				"up": {
					"uv": [5.5, 3, 4, 2],
					"texture": "#4"
				},
				"down": {
					"uv": [5.5, 3, 4, 4],
					"texture": "#4"
				}
			}
		}
	]
}