{
	"textures": {
		"0": "minecraft:custom/crafting_table_top"
	},
	"elements": [
		{
			"from": [0, 24, 0],
			"to": [16, 24, 3],
			"faces": {
				"up": {
					"uv": [0, 0, 16, 3],
					"texture": "#0"
				},
				"down": {
					"uv": [0, 3, 16, 0],
					"texture": "#0"
				}
			}
		},
		{
			"from": [13, 24, 3],
			"to": [16, 24, 13],
			"faces": {
				"up": {
					"uv": [13, 3, 16, 13],
					"texture": "#0"
				},
				"down": {
					"uv": [13, 13, 16, 3],
					"texture": "#0"
				}
			}
		},
		{
			"from": [0, 24, 3],
			"to": [3, 24, 13],
			"faces": {
				"up": {
					"uv": [0, 3, 3, 13],
					"texture": "#0"
				},
				"down": {
					"uv": [0, 13, 3, 3],
					"texture": "#0"
				}
			}
		},
		{
			"from": [0, 24, 13],
			"to": [16, 24, 16],
			"faces": {
				"up": {
					"uv": [0, 13, 16, 16],
					"texture": "#0"
				},
				"down": {
					"uv": [0, 16, 16, 13],
					"texture": "#0"
				}
			}
		}
	],
	"display": {
		"head": {
			"rotation": [0, 180, 0]
		}
	}
}