{
	"textures": {
		"9": "minecraft:custom/rocket_launcher_arm"
	},
	"elements": [
		{
			"from": [7.31429, 7.65714, 7.65714],
			"to": [8.68571, 8.34286, 8.34286],
			"rotation": {
				"angle": 0,
				"axis": "y",
				"origin": [8, 9.02857, 5.94286]
			},
			"faces": {
				"north": {
					"uv": [9.25, 6.5, 9.75, 6.75],
					"texture": "#9"
				},
				"east": {
					"uv": [9.5, 7.5, 9.75, 7.75],
					"texture": "#9"
				},
				"south": {
					"uv": [9.25, 6.75, 9.75, 7],
					"texture": "#9"
				},
				"west": {
					"uv": [9.5, 7.75, 9.75, 8],
					"texture": "#9"
				},
				"up": {
					"uv": [9.75, 7.25, 9.25, 7],
					"texture": "#9"
				},
				"down": {
					"uv": [9.75, 7.25, 9.25, 7.5],
					"texture": "#9"
				}
			}
		},
		{
			"from": [5.94286, 9.02857, -0.91429],
			"to": [10.05714, 13.14286, 10.05714],
			"rotation": {
				"angle": 0,
				"axis": "y",
				"origin": [8, 9.02857, 5.94286]
			},
			"faces": {
				"north": {
					"uv": [4, 1, 5.5, 2.5],
					"texture": "#9"
				},
				"east": {
					"uv": [0, 0, 4, 1.5],
					"texture": "#9"
				},
				"south": {
					"uv": [5, 4, 6.5, 5.5],
					"texture": "#9"
				},
				"west": {
					"uv": [0, 1.5, 4, 3],
					"texture": "#9"
				},
				"up": {
					"uv": [1.5, 7, 0, 3],
					"texture": "#9"
				},
				"down": {
					"uv": [3, 3, 1.5, 7],
					"texture": "#9"
				}
			}
		},
		{
			"from": [5.94286, 9.02857, -7.08571],
			"to": [10.05714, 13.14286, -6.4],
			"rotation": {
				"angle": 0,
				"axis": "y",
				"origin": [8, 9.02857, 5.94286]
			},
			"faces": {
				"north": {
					"uv": [5.5, 1, 7, 2.5],
					"texture": "#9"
				},
				"east": {
					"uv": [1.25, 8.75, 1.5, 10.25],
					"texture": "#9"
				},
				"south": {
					"uv": [5.5, 2.5, 7, 4],
					"texture": "#9"
				},
				"west": {
					"uv": [1.5, 8.75, 1.75, 10.25],
					"texture": "#9"
				},
				"up": {
					"uv": [10.25, 2, 8.75, 1.75],
					"texture": "#9"
				},
				"down": {
					"uv": [10.25, 2, 8.75, 2.25],
					"texture": "#9"
				}
			}
		},
		{
			"from": [6.62857, 9.71429, -6.4],
			"to": [9.37143, 12.45714, -0.91429],
			"rotation": {
				"angle": 0,
				"axis": "y",
				"origin": [8, 9.02857, 5.94286]
			},
			"faces": {
				"north": {
					"uv": [7.5, 3, 8.5, 4],
					"texture": "#9"
				},
				"east": {
					"uv": [5, 5.5, 7, 6.5],
					"texture": "#9"
				},
				"south": {
					"uv": [7, 7.5, 8, 8.5],
					"texture": "#9"
				},
				"west": {
					"uv": [6.5, 0, 8.5, 1],
					"texture": "#9"
				},
				"up": {
					"uv": [4, 8.5, 3, 6.5],
					"texture": "#9"
				},
				"down": {
					"uv": [5, 6.5, 4, 8.5],
					"texture": "#9"
				}
			}
		},
		{
			"from": [6.62857, 9.71429, 10.05714],
			"to": [9.37143, 12.45714, 16.91429],
			"rotation": {
				"angle": 0,
				"axis": "y",
				"origin": [8, 9.02857, 5.94286]
			},
			"faces": {
				"north": {
					"uv": [0, 7.75, 1, 8.75],
					"texture": "#9"
				},
				"east": {
					"uv": [3, 3, 5.5, 4],
					"texture": "#9"
				},
				"south": {
					"uv": [1, 7.75, 2, 8.75],
					"texture": "#9"
				},
				"west": {
					"uv": [4, 0, 6.5, 1],
					"texture": "#9"
				},
				"up": {
					"uv": [4, 6.5, 3, 4],
					"texture": "#9"
				},
				"down": {
					"uv": [5, 4, 4, 6.5],
					"texture": "#9"
				}
			}
		},
		{
			"from": [7.65714, 6.28571, 12.8],
			"to": [8.34286, 9.71429, 14.17143],
			"rotation": {
				"angle": 0,
				"axis": "y",
				"origin": [8, 9.02857, 5.94286]
			},
			"faces": {
				"north": {
					"uv": [1.75, 8.75, 2, 10],
					"texture": "#9"
				},
				"east": {
					"uv": [8.5, 6, 9, 7.25],
					"texture": "#9"
				},
				"south": {
					"uv": [8.75, 7.25, 9, 8.5],
					"texture": "#9"
				},
				"west": {
					"uv": [7, 8.5, 7.5, 9.75],
					"texture": "#9"
				},
				"up": {
					"uv": [7, 9.75, 6.75, 9.25],
					"texture": "#9"
				},
				"down": {
					"uv": [9.5, 7.5, 9.25, 8],
					"texture": "#9"
				}
			}
		},
		{
			"from": [7.65714, 12.45714, 13.48571],
			"to": [8.34286, 13.82857, 14.17143],
			"rotation": {
				"angle": 0,
				"axis": "y",
				"origin": [8, 9.02857, 5.94286]
			},
			"faces": {
				"north": {
					"uv": [8.5, 9.25, 8.75, 9.75],
					"texture": "#9"
				},
				"east": {
					"uv": [9.25, 8.5, 9.5, 9],
					"texture": "#9"
				},
				"south": {
					"uv": [9.25, 9, 9.5, 9.5],
					"texture": "#9"
				},
				"west": {
					"uv": [9.5, 0, 9.75, 0.5],
					"texture": "#9"
				},
				"up": {
					"uv": [9.75, 8.25, 9.5, 8],
					"texture": "#9"
				},
				"down": {
					"uv": [9.75, 8.25, 9.5, 8.5],
					"texture": "#9"
				}
			}
		},
		{
			"from": [7.65714, 13.82857, 12.8],
			"to": [8.34286, 13.82857, 13.48571],
			"rotation": {
				"angle": 0,
				"axis": "y",
				"origin": [8, 9.02857, 5.94286]
			},
			"faces": {
				"north": {
					"uv": [0, 0, 0.25, 0],
					"texture": "#9"
				},
				"east": {
					"uv": [0, 0, 0.25, 0],
					"texture": "#9"
				},
				"south": {
					"uv": [0, 0, 0.25, 0],
					"texture": "#9"
				},
				"west": {
					"uv": [0, 0, 0.25, 0],
					"texture": "#9"
				},
				"up": {
					"uv": [9.75, 8.75, 9.5, 8.5],
					"texture": "#9"
				},
				"down": {
					"uv": [9, 9.5, 8.75, 9.75],
					"texture": "#9"
				}
			}
		},
		{
			"from": [7.65714, 6.97143, 7.31429],
			"to": [8.34286, 9.02857, 8.68571],
			"rotation": {
				"angle": 0,
				"axis": "y",
				"origin": [8, 9.02857, 5.94286]
			},
			"faces": {
				"north": {
					"uv": [8, 9, 8.25, 9.75],
					"texture": "#9"
				},
				"east": {
					"uv": [8.75, 2.25, 9.25, 3],
					"texture": "#9"
				},
				"south": {
					"uv": [8.25, 9, 8.5, 9.75],
					"texture": "#9"
				},
				"west": {
					"uv": [8.75, 3, 9.25, 3.75],
					"texture": "#9"
				},
				"up": {
					"uv": [9.75, 1, 9.5, 0.5],
					"texture": "#9"
				},
				"down": {
					"uv": [9.75, 1, 9.5, 1.5],
					"texture": "#9"
				}
			}
		},
		{
			"from": [7.65714, 8.34286, 0.45714],
			"to": [8.34286, 9.02857, 1.82857],
			"rotation": {
				"angle": 0,
				"axis": "y",
				"origin": [8, 9.02857, -0.91429]
			},
			"faces": {
				"north": {
					"uv": [9.5, 8.75, 9.75, 9],
					"texture": "#9"
				},
				"east": {
					"uv": [9.5, 2.25, 10, 2.5],
					"texture": "#9"
				},
				"south": {
					"uv": [9, 9.5, 9.25, 9.75],
					"texture": "#9"
				},
				"west": {
					"uv": [9.5, 2.5, 10, 2.75],
					"texture": "#9"
				},
				"up": {
					"uv": [9.75, 3.25, 9.5, 2.75],
					"texture": "#9"
				},
				"down": {
					"uv": [9.75, 3.25, 9.5, 3.75],
					"texture": "#9"
				}
			}
		},
		{
			"from": [7.65714, 13.14286, 5.94286],
			"to": [8.34286, 13.82857, 8.68571],
			"rotation": {
				"angle": 0,
				"axis": "y",
				"origin": [8, 9.02857, 5.94286]
			},
			"faces": {
				"north": {
					"uv": [9.5, 9, 9.75, 9.25],
					"texture": "#9"
				},
				"east": {
					"uv": [9, 5.25, 10, 5.5],
					"texture": "#9"
				},
				"south": {
					"uv": [9.25, 9.5, 9.5, 9.75],
					"texture": "#9"
				},
				"west": {
					"uv": [9, 5.5, 10, 5.75],
					"texture": "#9"
				},
				"up": {
					"uv": [2.75, 10, 2.5, 9],
					"texture": "#9"
				},
				"down": {
					"uv": [3, 9, 2.75, 10],
					"texture": "#9"
				}
			}
		}
	],
	"display": {
		"head": {
			"rotation": [0, 180, 0]
		}
	}
}