{
	"textures": {
		"9": "minecraft:custom/rocket_launcher_arm"
	},
	"elements": [
		{
			"from": [9, 7, 6],
			"to": [10, 15, 8],
			"rotation": {
				"angle": 0,
				"axis": "y",
				"origin": [8, 17, 10]
			},
			"faces": {
				"north": {
					"uv": [0.25, 8.75, 0.5, 10.75],
					"texture": "#9"
				},
				"east": {
					"uv": [6, 7.25, 6.5, 9.25],
					"texture": "#9"
				},
				"south": {
					"uv": [0.5, 8.75, 0.75, 10.75],
					"texture": "#9"
				},
				"west": {
					"uv": [6.5, 7.25, 7, 9.25],
					"texture": "#9"
				},
				"up": {
					"uv": [9.5, 3.25, 9.25, 2.75],
					"texture": "#9"
				},
				"down": {
					"uv": [3.5, 9.25, 3.25, 9.75],
					"texture": "#9"
				}
			}
		},
		{
			"from": [9, 7, 8],
			"to": [10, 9, 9],
			"rotation": {
				"angle": 0,
				"axis": "y",
				"origin": [8, 17, 11]
			},
			"faces": {
				"north": {
					"uv": [9.25, 3.25, 9.5, 3.75],
					"texture": "#9"
				},
				"east": {
					"uv": [3.5, 9.25, 3.75, 9.75],
					"texture": "#9"
				},
				"south": {
					"uv": [3.75, 9.25, 4, 9.75],
					"texture": "#9"
				},
				"west": {
					"uv": [9.25, 3.75, 9.5, 4.25],
					"texture": "#9"
				},
				"up": {
					"uv": [5.75, 9.75, 5.5, 9.5],
					"texture": "#9"
				},
				"down": {
					"uv": [6, 9.5, 5.75, 9.75],
					"texture": "#9"
				}
			}
		},
		{
			"from": [6, 7, 8],
			"to": [7, 9, 9],
			"rotation": {
				"angle": 0,
				"axis": "y",
				"origin": [5, 17, 11]
			},
			"faces": {
				"north": {
					"uv": [4, 9.25, 4.25, 9.75],
					"texture": "#9"
				},
				"east": {
					"uv": [9.25, 4.25, 9.5, 4.75],
					"texture": "#9"
				},
				"south": {
					"uv": [5, 9.25, 5.25, 9.75],
					"texture": "#9"
				},
				"west": {
					"uv": [5.25, 9.25, 5.5, 9.75],
					"texture": "#9"
				},
				"up": {
					"uv": [6.25, 9.75, 6, 9.5],
					"texture": "#9"
				},
				"down": {
					"uv": [9.75, 6, 9.5, 6.25],
					"texture": "#9"
				}
			}
		},
		{
			"from": [7, 7.5, 7.5],
			"to": [9, 8.5, 8.5],
			"rotation": {
				"angle": 0,
				"axis": "y",
				"origin": [8, 17.5, 5]
			},
			"faces": {
				"north": {
					"uv": [9, 8.25, 9.5, 8.5],
					"texture": "#9"
				},
				"east": {
					"uv": [6.25, 9.5, 6.5, 9.75],
					"texture": "#9"
				},
				"south": {
					"uv": [5.5, 9.25, 6, 9.5],
					"texture": "#9"
				},
				"west": {
					"uv": [9.5, 6.25, 9.75, 6.5],
					"texture": "#9"
				},
				"up": {
					"uv": [9.75, 6, 9.25, 5.75],
					"texture": "#9"
				},
				"down": {
					"uv": [6.5, 9.25, 6, 9.5],
					"texture": "#9"
				}
			}
		},
		{
			"from": [6, 7, 6],
			"to": [7, 15, 8],
			"rotation": {
				"angle": 0,
				"axis": "y",
				"origin": [5, 17, 10]
			},
			"faces": {
				"north": {
					"uv": [0.75, 8.75, 1, 10.75],
					"texture": "#9"
				},
				"east": {
					"uv": [7.5, 1, 8, 3],
					"texture": "#9"
				},
				"south": {
					"uv": [1, 8.75, 1.25, 10.75],
					"texture": "#9"
				},
				"west": {
					"uv": [7.5, 5.5, 8, 7.5],
					"texture": "#9"
				},
				"up": {
					"uv": [9.5, 6.5, 9.25, 6],
					"texture": "#9"
				},
				"down": {
					"uv": [6.75, 9.25, 6.5, 9.75],
					"texture": "#9"
				}
			}
		}
	],
	"display": {
		"head": {
			"rotation": [0, 180, 0]
		}
	}
}