{
	"textures": {
		"0": "minecraft:custom/land_shark"
	},
	"display": {
		"head": {
			"rotation": [0, 180, 0]
		}
	},
	"elements": [
		{
			"from": [2, 7.25, 4.625],
			"to": [9.5, 9.5, 11.375],
			"rotation": {
				"angle": 22.5,
				"axis": "z",
				"origin": [9.5, 6.5, 8]
			},
			"faces": {
				"north": {
					"uv": [6, 6.75, 7.25, 7.125],
					"texture": "#0"
				},
				"east": {
					"uv": [7, 2, 8.125, 2.375],
					"texture": "#0"
				},
				"south": {
					"uv": [0, 7, 1.25, 7.375],
					"texture": "#0"
				},
				"west": {
					"uv": [7, 2.5, 8.125, 2.875],
					"texture": "#0"
				},
				"up": {
					"uv": [6.25, 5.875, 5, 4.75],
					"texture": "#0"
				},
				"down": {
					"uv": [6.75, 0, 5.5, 1.125],
					"texture": "#0"
				}
			}
		},
		{
			"from": [1.42847, 5.90746, 11],
			"to": [2.55347, 7.03245, 11],
			"rotation": {
				"angle": -22.5,
				"axis": "z",
				"origin": [2.525, 5.6, 11]
			},
			"faces": {
				"north": {
					"uv": [6.5, 7.5, 6.75, 7.625],
					"texture": "#0"
				},
				"east": {
					"uv": [0, 0, 0, 0.125],
					"texture": "#0"
				},
				"south": {
					"uv": [6.75, 7.5, 7, 7.625],
					"texture": "#0"
				},
				"west": {
					"uv": [0, 0, 0, 0.125],
					"texture": "#0"
				},
				"up": {
					"uv": [0.25, 0, 0, 0],
					"texture": "#0"
				},
				"down": {
					"uv": [0.25, 0, 0, 0],
					"texture": "#0"
				}
			}
		},
		{
			"from": [1.7375, 5.90746, 8.85347],
			"to": [1.7375, 6.73246, 9.67847],
			"rotation": {
				"angle": 45,
				"axis": "x",
				"origin": [1.7375, 5.3, 9.95]
			},
			"faces": {
				"north": {
					"uv": [0, 0, 0, 0.125],
					"texture": "#0"
				},
				"east": {
					"uv": [7.5, 7, 7.625, 7.125],
					"texture": "#0"
				},
				"south": {
					"uv": [0, 0, 0, 0.125],
					"texture": "#0"
				},
				"west": {
					"uv": [7.25, 7.5, 7.375, 7.625],
					"texture": "#0"
				},
				"up": {
					"uv": [0, 0.125, 0, 0],
					"texture": "#0"
				},
				"down": {
					"uv": [0, 0, 0, 0.125],
					"texture": "#0"
				}
			}
		},
		{
			"from": [1.8125, 5.86996, 7.65347],
			"to": [1.8125, 6.69496, 8.47847],
			"rotation": {
				"angle": 45,
				"axis": "x",
				"origin": [1.8125, 5.2625, 8.75]
			},
			"faces": {
				"north": {
					"uv": [0, 0, 0, 0.125],
					"texture": "#0"
				},
				"east": {
					"uv": [7.5, 7.25, 7.625, 7.375],
					"texture": "#0"
				},
				"south": {
					"uv": [0, 0, 0, 0.125],
					"texture": "#0"
				},
				"west": {
					"uv": [7.5, 7.5, 7.625, 7.625],
					"texture": "#0"
				},
				"up": {
					"uv": [0, 0.125, 0, 0],
					"texture": "#0"
				},
				"down": {
					"uv": [0, 0, 0, 0.125],
					"texture": "#0"
				}
			}
		},
		{
			"from": [1.7375, 5.90746, 6.45347],
			"to": [1.7375, 6.73246, 7.27847],
			"rotation": {
				"angle": 45,
				"axis": "x",
				"origin": [1.7375, 5.3, 7.55]
			},
			"faces": {
				"north": {
					"uv": [0, 0, 0, 0.125],
					"texture": "#0"
				},
				"east": {
					"uv": [0, 7.75, 0.125, 7.875],
					"texture": "#0"
				},
				"south": {
					"uv": [0, 0, 0, 0.125],
					"texture": "#0"
				},
				"west": {
					"uv": [0.25, 7.75, 0.375, 7.875],
					"texture": "#0"
				},
				"up": {
					"uv": [0, 0.125, 0, 0],
					"texture": "#0"
				},
				"down": {
					"uv": [0, 0, 0, 0.125],
					"texture": "#0"
				}
			}
		},
		{
			"from": [1.6625, 5.86996, 5.25347],
			"to": [1.6625, 6.69496, 6.07847],
			"rotation": {
				"angle": 45,
				"axis": "x",
				"origin": [1.6625, 5.2625, 6.35]
			},
			"faces": {
				"north": {
					"uv": [0, 0, 0, 0.125],
					"texture": "#0"
				},
				"east": {
					"uv": [0.5, 7.75, 0.625, 7.875],
					"texture": "#0"
				},
				"south": {
					"uv": [0, 0, 0, 0.125],
					"texture": "#0"
				},
				"west": {
					"uv": [0.75, 7.75, 0.875, 7.875],
					"texture": "#0"
				},
				"up": {
					"uv": [0, 0.125, 0, 0],
					"texture": "#0"
				},
				"down": {
					"uv": [0, 0, 0, 0.125],
					"texture": "#0"
				}
			}
		},
		{
			"from": [1.775, 5.90746, 4.20347],
			"to": [1.775, 6.73246, 5.02847],
			"rotation": {
				"angle": 45,
				"axis": "x",
				"origin": [1.775, 5.3, 5.3]
			},
			"faces": {
				"north": {
					"uv": [0, 0, 0, 0.125],
					"texture": "#0"
				},
				"east": {
					"uv": [1, 7.75, 1.125, 7.875],
					"texture": "#0"
				},
				"south": {
					"uv": [0, 0, 0, 0.125],
					"texture": "#0"
				},
				"west": {
					"uv": [1.25, 7.75, 1.375, 7.875],
					"texture": "#0"
				},
				"up": {
					"uv": [0, 0.125, 0, 0],
					"texture": "#0"
				},
				"down": {
					"uv": [0, 0, 0, 0.125],
					"texture": "#0"
				}
			}
		},
		{
			"from": [2.62847, 6.50746, 10.8875],
			"to": [3.75347, 7.63246, 10.8875],
			"rotation": {
				"angle": -22.5,
				"axis": "z",
				"origin": [3.725, 6.2, 10.8875]
			},
			"faces": {
				"north": {
					"uv": [3.5, 5.75, 3.75, 6],
					"texture": "#0"
				},
				"east": {
					"uv": [0, 0, 0, 0.25],
					"texture": "#0"
				},
				"south": {
					"uv": [6, 4.5, 6.25, 4.75],
					"texture": "#0"
				},
				"west": {
					"uv": [0, 0, 0, 0.25],
					"texture": "#0"
				},
				"up": {
					"uv": [0.25, 0, 0, 0],
					"texture": "#0"
				},
				"down": {
					"uv": [0.25, 0, 0, 0],
					"texture": "#0"
				}
			}
		},
		{
			"from": [3.82847, 6.80745, 11],
			"to": [4.95347, 7.93245, 11],
			"rotation": {
				"angle": -22.5,
				"axis": "z",
				"origin": [4.925, 6.5, 11]
			},
			"faces": {
				"north": {
					"uv": [3.25, 7.25, 3.5, 7.5],
					"texture": "#0"
				},
				"east": {
					"uv": [0, 0, 0, 0.25],
					"texture": "#0"
				},
				"south": {
					"uv": [7.25, 3.75, 7.5, 4],
					"texture": "#0"
				},
				"west": {
					"uv": [0, 0, 0, 0.25],
					"texture": "#0"
				},
				"up": {
					"uv": [0.25, 0, 0, 0],
					"texture": "#0"
				},
				"down": {
					"uv": [0.25, 0, 0, 0],
					"texture": "#0"
				}
			}
		},
		{
			"from": [4.87847, 7.10746, 10.9625],
			"to": [6.00347, 8.23246, 10.9625],
			"rotation": {
				"angle": -22.5,
				"axis": "z",
				"origin": [5.975, 6.8, 10.9625]
			},
			"faces": {
				"north": {
					"uv": [7.25, 4, 7.5, 4.25],
					"texture": "#0"
				},
				"east": {
					"uv": [0, 0, 0, 0.25],
					"texture": "#0"
				},
				"south": {
					"uv": [7.25, 4.25, 7.5, 4.5],
					"texture": "#0"
				},
				"west": {
					"uv": [0, 0, 0, 0.25],
					"texture": "#0"
				},
				"up": {
					"uv": [0.25, 0, 0, 0],
					"texture": "#0"
				},
				"down": {
					"uv": [0.25, 0, 0, 0],
					"texture": "#0"
				}
			}
		},
		{
			"from": [5.77847, 7.40745, 11.0375],
			"to": [6.90347, 8.53245, 11.0375],
			"rotation": {
				"angle": -22.5,
				"axis": "z",
				"origin": [6.875, 7.1, 11.0375]
			},
			"faces": {
				"north": {
					"uv": [7.25, 4.5, 7.5, 4.75],
					"texture": "#0"
				},
				"east": {
					"uv": [0, 0, 0, 0.25],
					"texture": "#0"
				},
				"south": {
					"uv": [7.25, 4.75, 7.5, 5],
					"texture": "#0"
				},
				"west": {
					"uv": [0, 0, 0, 0.25],
					"texture": "#0"
				},
				"up": {
					"uv": [0.25, 0, 0, 0],
					"texture": "#0"
				},
				"down": {
					"uv": [0.25, 0, 0, 0],
					"texture": "#0"
				}
			}
		},
		{
			"from": [1.42847, 5.90746, 4.925],
			"to": [2.55347, 7.03245, 4.925],
			"rotation": {
				"angle": -22.5,
				"axis": "z",
				"origin": [2.525, 5.6, 4.925]
			},
			"faces": {
				"north": {
					"uv": [7.5, 6.75, 7.75, 6.875],
					"texture": "#0"
				},
				"east": {
					"uv": [0, 0, 0, 0.125],
					"texture": "#0"
				},
				"south": {
					"uv": [7, 7.5, 7.25, 7.625],
					"texture": "#0"
				},
				"west": {
					"uv": [0, 0, 0, 0.125],
					"texture": "#0"
				},
				"up": {
					"uv": [0.25, 0, 0, 0],
					"texture": "#0"
				},
				"down": {
					"uv": [0.25, 0, 0, 0],
					"texture": "#0"
				}
			}
		},
		{
			"from": [2.62847, 6.50746, 4.9625],
			"to": [3.75347, 7.63246, 4.9625],
			"rotation": {
				"angle": -22.5,
				"axis": "z",
				"origin": [3.725, 6.2, 4.9625]
			},
			"faces": {
				"north": {
					"uv": [7.25, 5, 7.5, 5.25],
					"texture": "#0"
				},
				"east": {
					"uv": [0, 0, 0, 0.25],
					"texture": "#0"
				},
				"south": {
					"uv": [7.25, 5.25, 7.5, 5.5],
					"texture": "#0"
				},
				"west": {
					"uv": [0, 0, 0, 0.25],
					"texture": "#0"
				},
				"up": {
					"uv": [0.25, 0, 0, 0],
					"texture": "#0"
				},
				"down": {
					"uv": [0.25, 0, 0, 0],
					"texture": "#0"
				}
			}
		},
		{
			"from": [3.82847, 6.80745, 4.9625],
			"to": [4.95347, 7.93245, 4.9625],
			"rotation": {
				"angle": -22.5,
				"axis": "z",
				"origin": [4.925, 6.5, 4.9625]
			},
			"faces": {
				"north": {
					"uv": [6, 7.25, 6.25, 7.5],
					"texture": "#0"
				},
				"east": {
					"uv": [0, 0, 0, 0.25],
					"texture": "#0"
				},
				"south": {
					"uv": [6.25, 7.25, 6.5, 7.5],
					"texture": "#0"
				},
				"west": {
					"uv": [0, 0, 0, 0.25],
					"texture": "#0"
				},
				"up": {
					"uv": [0.25, 0, 0, 0],
					"texture": "#0"
				},
				"down": {
					"uv": [0.25, 0, 0, 0],
					"texture": "#0"
				}
			}
		},
		{
			"from": [4.87847, 7.10746, 5.075],
			"to": [6.00347, 8.23246, 5.075],
			"rotation": {
				"angle": -22.5,
				"axis": "z",
				"origin": [5.975, 6.8, 5.075]
			},
			"faces": {
				"north": {
					"uv": [6.5, 7.25, 6.75, 7.5],
					"texture": "#0"
				},
				"east": {
					"uv": [0, 0, 0, 0.25],
					"texture": "#0"
				},
				"south": {
					"uv": [6.75, 7.25, 7, 7.5],
					"texture": "#0"
				},
				"west": {
					"uv": [0, 0, 0, 0.25],
					"texture": "#0"
				},
				"up": {
					"uv": [0.25, 0, 0, 0],
					"texture": "#0"
				},
				"down": {
					"uv": [0.25, 0, 0, 0],
					"texture": "#0"
				}
			}
		},
		{
			"from": [5.77847, 7.40745, 5],
			"to": [6.90347, 8.53245, 5],
			"rotation": {
				"angle": -22.5,
				"axis": "z",
				"origin": [6.875, 7.1, 5]
			},
			"faces": {
				"north": {
					"uv": [7.25, 6.75, 7.5, 7],
					"texture": "#0"
				},
				"east": {
					"uv": [0, 0, 0, 0.25],
					"texture": "#0"
				},
				"south": {
					"uv": [7, 7.25, 7.25, 7.5],
					"texture": "#0"
				},
				"west": {
					"uv": [0, 0, 0, 0.25],
					"texture": "#0"
				},
				"up": {
					"uv": [0.25, 0, 0, 0],
					"texture": "#0"
				},
				"down": {
					"uv": [0.25, 0, 0, 0],
					"texture": "#0"
				}
			}
		}
	]
}