{
	"textures": {
		"0": "minecraft:custom/land_shark"
	},
	"display": {
		"head": {
			"rotation": [0, 180, 0]
		}
	},
	"elements": [
		{
			"from": [17, 10.25, 7.25],
			"to": [20.375, 15.5, 8.75],
			"rotation": {
				"angle": -45,
				"axis": "z",
				"origin": [17, 10.25, 8.75]
			},
			"faces": {
				"north": {
					"uv": [4.5, 6.75, 5.125, 7.625],
					"texture": "#0"
				},
				"east": {
					"uv": [4.25, 7, 4.5, 7.875],
					"texture": "#0"
				},
				"south": {
					"uv": [5.25, 6.75, 5.875, 7.625],
					"texture": "#0"
				},
				"west": {
					"uv": [7, 4.5, 7.25, 5.375],
					"texture": "#0"
				},
				"up": {
					"uv": [7.875, 0.75, 7.25, 0.5],
					"texture": "#0"
				},
				"down": {
					"uv": [7.875, 0.75, 7.25, 1],
					"texture": "#0"
				}
			}
		},
		{
			"from": [19.25, 5, 7.25],
			"to": [23.75, 8.75, 8.75],
			"rotation": {
				"angle": -45,
				"axis": "z",
				"origin": [19.25, 8, 8.75]
			},
			"faces": {
				"north": {
					"uv": [5, 2.75, 5.75, 3.375],
					"texture": "#0"
				},
				"east": {
					"uv": [2, 7.25, 2.25, 7.875],
					"texture": "#0"
				},
				"south": {
					"uv": [7, 1.25, 7.75, 1.875],
					"texture": "#0"
				},
				"west": {
					"uv": [2.25, 7.25, 2.5, 7.875],
					"texture": "#0"
				},
				"up": {
					"uv": [4.5, 4.75, 3.75, 4.5],
					"texture": "#0"
				},
				"down": {
					"uv": [7, 2.5, 6.25, 2.75],
					"texture": "#0"
				}
			}
		},
		{
			"from": [6.5, 5, 5],
			"to": [20, 11, 11],
			"rotation": {
				"angle": 0,
				"axis": "y",
				"origin": [0.5, 5, -4]
			},
			"faces": {
				"north": {
					"uv": [2.75, 2.5, 5, 3.5],
					"texture": "#0"
				},
				"east": {
					"uv": [6, 2.75, 7, 3.75],
					"texture": "#0"
				},
				"south": {
					"uv": [0, 3, 2.25, 4],
					"texture": "#0"
				},
				"west": {
					"uv": [3.5, 6, 4.5, 7],
					"texture": "#0"
				},
				"up": {
					"uv": [4.5, 4.5, 2.25, 3.5],
					"texture": "#0"
				},
				"down": {
					"uv": [2.25, 4, 0, 5],
					"texture": "#0"
				}
			}
		}
	]
}