{
	"textures": {
		"0": "minecraft:custom/vampire"
	},
	"display": {
		"head": {
			"rotation": [0, 180, 0]
		}
	},
	"elements": [
		{
			"from": [6.225, 2.25, 8.225],
			"to": [9.775, 8, 11.775],
			"rotation": {
				"angle": 0,
				"axis": "y",
				"origin": [2.28125, 2.25, 2.40625]
			},
			"faces": {
				"north": {
					"uv": [5, 14.5, 6, 16],
					"texture": "#0"
				},
				"east": {
					"uv": [4, 14.5, 5, 16],
					"texture": "#0"
				},
				"south": {
					"uv": [7, 14.5, 8, 16],
					"texture": "#0"
				},
				"west": {
					"uv": [6, 14.5, 7, 16],
					"texture": "#0"
				},
				"up": {
					"uv": [6, 13, 5, 12],
					"texture": "#0"
				},
				"down": {
					"uv": [7, 12, 6, 13],
					"texture": "#0"
				}
			}
		}
	]
}