{
	"textures": {
		"0": "minecraft:custom/iron_golem"
	},
	"display": {
		"head": {
			"rotation": [0, 180, 0]
		}
	},
	"elements": [
		{
			"from": [6.96875, 1.1875, 6.8125],
			"to": [9.59375, 7.9375, 8.875],
			"rotation": {
				"angle": 0,
				"axis": "y",
				"origin": [6.125, -2.5625, 8.5]
			},
			"faces": {
				"north": {
					"uv": [5.25, 0.875, 5.875, 2.625],
					"texture": "#0"
				},
				"east": {
					"uv": [4.625, 0.875, 5.125, 2.625],
					"texture": "#0"
				},
				"south": {
					"uv": [6.625, 0.875, 7.25, 2.625],
					"texture": "#0"
				},
				"west": {
					"uv": [6, 0.875, 6.5, 2.625],
					"texture": "#0"
				},
				"up": {
					"uv": [6, 0.625, 5.25, 0],
					"texture": "#0"
				},
				"down": {
					"uv": [6.75, 0, 6, 0.625],
					"texture": "#0"
				}
			}
		}
	]
}