{
	"textures": {
		"0": "minecraft:custom/iron_golem"
	},
	"display": {
		"head": {
			"rotation": [0, 180, 0]
		}
	},
	"elements": [
		{
			"from": [7.8125, -1.71875, 6.3125],
			"to": [10.0625, 8.40625, 9.6875],
			"rotation": {
				"angle": 0,
				"axis": "y",
				"origin": [4.25, -10.4375, 8]
			},
			"faces": {
				"north": {
					"uv": [8.25, 3.375, 8.75, 5.5],
					"texture": "#0"
				},
				"east": {
					"uv": [7.5, 3.375, 8.25, 5.5],
					"texture": "#0"
				},
				"south": {
					"uv": [9.5, 3.375, 10, 5.5],
					"texture": "#0"
				},
				"west": {
					"uv": [8.75, 3.375, 9.5, 5.5],
					"texture": "#0"
				},
				"up": {
					"uv": [8.75, 3.375, 8.25, 2.625],
					"texture": "#0"
				},
				"down": {
					"uv": [9.25, 2.625, 8.75, 3.375],
					"texture": "#0"
				}
			}
		}
	]
}