{
	"textures": {
		"0": "minecraft:custom/cow"
	},
	"elements": [
		{
			"from": [4, 6, 2],
			"to": [12, 14, 8],
			"rotation": {
				"angle": 0,
				"axis": "y",
				"origin": [8, -10, 16]
			},
			"faces": {
				"north": {
					"uv": [6, 2.5, 8, 4.5],
					"texture": "#0"
				},
				"east": {
					"uv": [0, 9, 1.5, 11],
					"texture": "#0"
				},
				"south": {
					"uv": [5, 7, 7, 9],
					"texture": "#0"
				},
				"west": {
					"uv": [9, 0, 10.5, 2],
					"texture": "#0"
				},
				"up": {
					"uv": [3.5, 10.5, 1.5, 9],
					"texture": "#0"
				},
				"down": {
					"uv": [11, 2, 9, 3.5],
					"texture": "#0"
				}
			}
		},
		{
			"from": [3, 12, 4],
			"to": [4, 15, 5],
			"rotation": {
				"angle": 0,
				"axis": "y",
				"origin": [8, -10, 16]
			},
			"faces": {
				"north": {
					"uv": [6.5, 9, 6.75, 9.75],
					"texture": "#0"
				},
				"east": {
					"uv": [6.75, 9, 7, 9.75],
					"texture": "#0"
				},
				"south": {
					"uv": [1, 11, 1.25, 11.75],
					"texture": "#0"
				},
				"west": {
					"uv": [1.25, 11, 1.5, 11.75],
					"texture": "#0"
				},
				"up": {
					"uv": [6.75, 10, 6.5, 9.75],
					"texture": "#0"
				},
				"down": {
					"uv": [7, 9.75, 6.75, 10],
					"texture": "#0"
				}
			}
		},
		{
			"from": [12, 12, 4],
			"to": [13, 15, 5],
			"rotation": {
				"angle": 0,
				"axis": "y",
				"origin": [8, -10, 16]
			},
			"faces": {
				"north": {
					"uv": [11, 10, 11.25, 10.75],
					"texture": "#0"
				},
				"east": {
					"uv": [11, 10.75, 11.25, 11.5],
					"texture": "#0"
				},
				"south": {
					"uv": [11.25, 10, 11.5, 10.75],
					"texture": "#0"
				},
				"west": {
					"uv": [11.25, 10.75, 11.5, 11.5],
					"texture": "#0"
				},
				"up": {
					"uv": [10.75, 1.75, 10.5, 1.5],
					"texture": "#0"
				},
				"down": {
					"uv": [10.75, 1.75, 10.5, 2],
					"texture": "#0"
				}
			}
		}
	],
	"display": {
		"head": {
			"rotation": [0, 180, 0]
		}
	}
}