{
	"textures": {
		"0": "minecraft:custom/cow"
	},
	"elements": [
		{
			"from": [6, -4, 6],
			"to": [10, 8, 10],
			"faces": {
				"north": {
					"uv": [7, 7, 8, 10],
					"texture": "#0"
				},
				"east": {
					"uv": [8, 2.5, 9, 5.5],
					"texture": "#0"
				},
				"south": {
					"uv": [8, 5.5, 9, 8.5],
					"texture": "#0"
				},
				"west": {
					"uv": [8, 8.5, 9, 11.5],
					"texture": "#0"
				},
				"up": {
					"uv": [12, 2.5, 11, 1.5],
					"texture": "#0"
				},
				"down": {
					"uv": [12, 2.5, 11, 3.5],
					"texture": "#0"
				}
			}
		}
	],
	"display": {
		"head": {
			"rotation": [0, 180, 0]
		}
	}
}