{
	"textures": {
		"0": "minecraft:custom/pig"
	},
	"elements": [
		{
			"from": [4, 4, 0],
			"to": [12, 12, 8],
			"rotation": {
				"angle": 0,
				"axis": "y",
				"origin": [8, -4, 14]
			},
			"faces": {
				"north": {
					"uv": [2, 2, 4, 4],
					"texture": "#0"
				},
				"east": {
					"uv": [0, 2, 2, 4],
					"texture": "#0"
				},
				"south": {
					"uv": [6, 2, 8, 4],
					"texture": "#0"
				},
				"west": {
					"uv": [4, 2, 6, 4],
					"texture": "#0"
				},
				"up": {
					"uv": [4, 2, 2, 0],
					"texture": "#0"
				},
				"down": {
					"uv": [6, 0, 4, 4],
					"texture": "#0"
				}
			}
		},
		{
			"from": [6, 5, -1],
			"to": [10, 8, 0],
			"rotation": {
				"angle": 0,
				"axis": "y",
				"origin": [8, -4, 14]
			},
			"faces": {
				"north": {
					"uv": [4.25, 4.25, 5.25, 5],
					"texture": "#0"
				},
				"east": {
					"uv": [4, 4.25, 4.25, 5],
					"texture": "#0"
				},
				"south": {
					"uv": [5.5, 4.25, 6.5, 5],
					"texture": "#0"
				},
				"west": {
					"uv": [5.25, 4.25, 5.5, 5],
					"texture": "#0"
				},
				"up": {
					"uv": [5.25, 4.25, 4.25, 4],
					"texture": "#0"
				},
				"down": {
					"uv": [6.25, 4, 5.25, 4.25],
					"texture": "#0"
				}
			}
		}
	],
	"display": {
		"head": {
			"rotation": [0, 180, 0]
		}
	}
}