{
	"textures": {
		"1": "minecraft:custom/chest_mob/normal"
	},
	"display": {
		"head": {
			"rotation": [0, 180, 0]
		}
	},
	"elements": [
		{
			"from": [1, 8, -6],
			"to": [15, 13, 8],
			"rotation": {
				"angle": 0,
				"axis": "y",
				"origin": [8, -2, 1]
			},
			"faces": {
				"north": {
					"uv": [14, 4.75, 10.5, 3.5],
					"texture": "#1"
				},
				"east": {
					"uv": [10.5, 4.75, 7, 3.5],
					"texture": "#1"
				},
				"south": {
					"uv": [7, 4.75, 3.5, 3.5],
					"texture": "#1"
				},
				"west": {
					"uv": [3.5, 4.75, 0, 3.5],
					"texture": "#1"
				},
				"up": {
					"uv": [10.5, 0, 7, 3.5],
					"texture": "#1"
				},
				"down": {
					"uv": [7, 3.5, 3.5, 0],
					"texture": "#1"
				}
			}
		},
		{
			"from": [7, 6, -7],
			"to": [9, 10, -6],
			"rotation": {
				"angle": 0,
				"axis": "y",
				"origin": [8, -2, 1]
			},
			"faces": {
				"north": {
					"uv": [0.75, 1.25, 0.25, 0.25],
					"texture": "#1"
				},
				"east": {
					"uv": [0, 1.25, 0.25, 0.25],
					"texture": "#1"
				},
				"south": {
					"uv": [1, 1.25, 1.5, 0.25],
					"texture": "#1"
				},
				"west": {
					"uv": [1, 1.25, 0.75, 0.25],
					"texture": "#1"
				},
				"up": {
					"uv": [0.75, 0, 0.25, 0.25],
					"texture": "#1"
				},
				"down": {
					"uv": [1.25, 0, 0.75, 0.25],
					"texture": "#1"
				}
			}
		}
	]
}