{
	"textures": {
		"1": "minecraft:custom/chest_mob/normal"
	},
	"display": {
		"head": {
			"rotation": [0, 180, 0]
		}
	},
	"elements": [
		{
			"from": [1, 8, 1],
			"to": [15, 18, 15],
			"faces": {
				"north": {
					"uv": [14, 10.75, 10.5, 8.25],
					"texture": "#1"
				},
				"east": {
					"uv": [10.5, 10.75, 7, 8.25],
					"texture": "#1"
				},
				"south": {
					"uv": [7, 10.75, 3.5, 8.25],
					"texture": "#1"
				},
				"west": {
					"uv": [3.5, 10.75, 0, 8.25],
					"texture": "#1"
				},
				"up": {
					"uv": [7, 4.75, 10.5, 8.25],
					"texture": "#1"
				},
				"down": {
					"uv": [3.5, 4.75, 7, 8.25],
					"texture": "#1"
				}
			}
		}
	]
}