{
	"textures": {
		"2": "minecraft:custom/chest_mob/shulker_mob"
	},
	"display": {
		"head": {
			"rotation": [0, 180, 0]
		}
	},
	"elements": [
		{
			"from": [7.25, 7.25, 6.75],
			"to": [8.75, 8.75, 9],
			"rotation": {
				"angle": 0,
				"axis": "y",
				"origin": [8.5, 4.5, 6.75]
			},
			"faces": {
				"north": {
					"uv": [14.25, 14.25, 15.75, 15.75],
					"texture": "#2"
				},
				"east": {
					"uv": [14.25, 14.25, 15.75, 15.75],
					"texture": "#2"
				},
				"south": {
					"uv": [14.25, 14.25, 15.75, 15.75],
					"texture": "#2"
				},
				"west": {
					"uv": [14.25, 14.25, 15.75, 15.75],
					"texture": "#2"
				},
				"up": {
					"uv": [14.25, 14.25, 15.75, 15.75],
					"texture": "#2"
				},
				"down": {
					"uv": [14.25, 14.25, 15.75, 15.75],
					"texture": "#2"
				}
			}
		},
		{
			"from": [7.25, 7.25, 6.75],
			"to": [8.75, 8.75, 9],
			"rotation": {
				"angle": 0,
				"axis": "y",
				"origin": [8.5, 4.5, 6.75]
			},
			"faces": {
				"north": {
					"uv": [14.25, 14.25, 15.75, 15.75],
					"texture": "#2"
				},
				"east": {
					"uv": [14.25, 14.25, 15.75, 15.75],
					"texture": "#2"
				},
				"south": {
					"uv": [14.25, 14.25, 15.75, 15.75],
					"texture": "#2"
				},
				"west": {
					"uv": [14.25, 14.25, 15.75, 15.75],
					"texture": "#2"
				},
				"up": {
					"uv": [14.25, 14.25, 15.75, 15.75],
					"texture": "#2"
				},
				"down": {
					"uv": [14.25, 14.25, 15.75, 15.75],
					"texture": "#2"
				}
			}
		}
	]
}