{
	"textures": {
		"2": "minecraft:custom/chest_mob/shulker_mob"
	},
	"display": {
		"head": {
			"rotation": [0, 180, 0]
		}
	},
	"elements": [
		{
			"from": [5.75, 6, 6],
			"to": [10.25, 10.5, 10.5],
			"rotation": {
				"angle": 0,
				"axis": "y",
				"origin": [8, 4, 8]
			},
			"faces": {
				"north": {
					"uv": [1.5, 14.5, 3, 16],
					"texture": "#2"
				},
				"east": {
					"uv": [0, 14.5, 1.5, 16],
					"texture": "#2"
				},
				"south": {
					"uv": [4.5, 14.5, 6, 16],
					"texture": "#2"
				},
				"west": {
					"uv": [3, 14.5, 4.5, 16],
					"texture": "#2"
				},
				"up": {
					"uv": [1.5, 13, 3, 14.5],
					"texture": "#2"
				},
				"down": {
					"uv": [3, 13, 4.5, 14.5],
					"texture": "#2"
				}
			}
		}
	]
}