{
	"textures": {
		"5": "minecraft:custom/chest_mob/water_gun"
	},
	"display": {
		"head": {
			"rotation": [0, 180, 0]
		}
	},
	"elements": [
		{
			"from": [7.6228, 7.49706, 9.88601],
			"to": [8.3772, 8.25147, 10.89189],
			"rotation": {
				"angle": -22.5,
				"axis": "x",
				"origin": [8, 7.49706, 10.76615]
			},
			"faces": {
				"north": {
					"uv": [2.25, 6.75, 3, 7.5],
					"texture": "#5"
				},
				"east": {
					"uv": [6.25, 1, 7.25, 1.75],
					"texture": "#5"
				},
				"south": {
					"uv": [0, 7, 0.75, 7.75],
					"texture": "#5"
				},
				"west": {
					"uv": [6.25, 1.75, 7.25, 2.5],
					"texture": "#5"
				},
				"up": {
					"uv": [7, 3.5, 6.25, 2.5],
					"texture": "#5"
				},
				"down": {
					"uv": [2.25, 6.5, 1.5, 7.5],
					"texture": "#5"
				}
			}
		},
		{
			"from": [7.37133, 9.50881, 7.6228],
			"to": [8.62867, 10.76615, 10.64042],
			"rotation": {
				"angle": 0,
				"axis": "y",
				"origin": [8, 7.49706, 10.01175]
			},
			"faces": {
				"north": {
					"uv": [4, 1.5, 5.25, 2.75],
					"texture": "#5"
				},
				"east": {
					"uv": [0, 0, 3, 1.25],
					"texture": "#5"
				},
				"south": {
					"uv": [2.5, 4, 3.75, 5.25],
					"texture": "#5"
				},
				"west": {
					"uv": [0, 1.25, 3, 2.5],
					"texture": "#5"
				},
				"up": {
					"uv": [1.25, 5.5, 0, 2.5],
					"texture": "#5"
				},
				"down": {
					"uv": [2.5, 2.5, 1.25, 5.5],
					"texture": "#5"
				}
			}
		},
		{
			"from": [7.49706, 9.57168, 6.11399],
			"to": [8.50294, 10.57755, 7.6228],
			"rotation": {
				"angle": 0,
				"axis": "y",
				"origin": [8, 7.49706, 10.01175]
			},
			"faces": {
				"north": {
					"uv": [3, 1.5, 4, 2.5],
					"texture": "#5"
				},
				"east": {
					"uv": [4.5, 0, 6, 1],
					"texture": "#5"
				},
				"south": {
					"uv": [1.5, 5.5, 2.5, 6.5],
					"texture": "#5"
				},
				"west": {
					"uv": [5, 4, 6.5, 5],
					"texture": "#5"
				},
				"up": {
					"uv": [6, 6.5, 5, 5],
					"texture": "#5"
				},
				"down": {
					"uv": [6.25, 1, 5.25, 2.5],
					"texture": "#5"
				}
			}
		},
		{
			"from": [7.6228, 9.76028, 10.64042],
			"to": [8.3772, 10.51468, 10.89189],
			"rotation": {
				"angle": 0,
				"axis": "y",
				"origin": [8, 7.49706, 10.01175]
			},
			"faces": {
				"north": {
					"uv": [0.75, 7, 1.5, 7.75],
					"texture": "#5"
				},
				"east": {
					"uv": [3.25, 7.5, 3.5, 8.25],
					"texture": "#5"
				},
				"south": {
					"uv": [7, 2.5, 7.75, 3.25],
					"texture": "#5"
				},
				"west": {
					"uv": [0.5, 7.75, 0.75, 8.5],
					"texture": "#5"
				},
				"up": {
					"uv": [1.5, 8, 0.75, 7.75],
					"texture": "#5"
				},
				"down": {
					"uv": [8.5, 1, 7.75, 1.25],
					"texture": "#5"
				}
			}
		},
		{
			"from": [7.2456, 9.38308, 8.88014],
			"to": [8.7544, 10.89189, 9.13161],
			"rotation": {
				"angle": 0,
				"axis": "y",
				"origin": [8, 7.49706, 10.01175]
			},
			"faces": {
				"north": {
					"uv": [2.5, 2.5, 4, 4],
					"texture": "#5"
				},
				"east": {
					"uv": [5.5, 6.5, 5.75, 8],
					"texture": "#5"
				},
				"south": {
					"uv": [3, 0, 4.5, 1.5],
					"texture": "#5"
				},
				"west": {
					"uv": [5.75, 6.5, 6, 8],
					"texture": "#5"
				},
				"up": {
					"uv": [8.5, 4.5, 7, 4.25],
					"texture": "#5"
				},
				"down": {
					"uv": [8.5, 4.5, 7, 4.75],
					"texture": "#5"
				}
			}
		},
		{
			"from": [7.4342, 9.50881, 6.61692],
			"to": [8.5658, 10.64042, 6.86839],
			"rotation": {
				"angle": 0,
				"axis": "y",
				"origin": [8, 7.49706, 10.01175]
			},
			"faces": {
				"north": {
					"uv": [4, 2.75, 5.25, 4],
					"texture": "#5"
				},
				"east": {
					"uv": [1.5, 7.5, 1.75, 8.75],
					"texture": "#5"
				},
				"south": {
					"uv": [3.75, 4, 5, 5.25],
					"texture": "#5"
				},
				"west": {
					"uv": [1.75, 7.5, 2, 8.75],
					"texture": "#5"
				},
				"up": {
					"uv": [8.25, 5, 7, 4.75],
					"texture": "#5"
				},
				"down": {
					"uv": [3.25, 7.5, 2, 7.75],
					"texture": "#5"
				}
			}
		},
		{
			"from": [7.74853, 8.25147, 10.01175],
			"to": [8.25147, 9.76028, 10.76615],
			"rotation": {
				"angle": -22.5,
				"axis": "x",
				"origin": [8, 7.49706, 10.76615]
			},
			"faces": {
				"north": {
					"uv": [6.5, 3.5, 7, 5],
					"texture": "#5"
				},
				"east": {
					"uv": [0, 5.5, 0.75, 7],
					"texture": "#5"
				},
				"south": {
					"uv": [5, 6.5, 5.5, 8],
					"texture": "#5"
				},
				"west": {
					"uv": [0.75, 5.5, 1.5, 7],
					"texture": "#5"
				},
				"up": {
					"uv": [3.5, 7.5, 3, 6.75],
					"texture": "#5"
				},
				"down": {
					"uv": [7, 7, 6.5, 7.75],
					"texture": "#5"
				}
			}
		},
		{
			"from": [7.72528, 9.25734, 6.23972],
			"to": [8.27472, 9.76028, 9.00587],
			"rotation": {
				"angle": 0,
				"axis": "y",
				"origin": [8, 7.49706, 10.01175]
			},
			"faces": {
				"north": {
					"uv": [4.5, 1, 5, 1.5],
					"texture": "#5"
				},
				"east": {
					"uv": [6, 0, 8.75, 0.5],
					"texture": "#5"
				},
				"south": {
					"uv": [7.5, 7, 8, 7.5],
					"texture": "#5"
				},
				"west": {
					"uv": [6, 0.5, 8.75, 1],
					"texture": "#5"
				},
				"up": {
					"uv": [4, 8, 3.5, 5.25],
					"texture": "#5"
				},
				"down": {
					"uv": [4.5, 5.25, 4, 8],
					"texture": "#5"
				}
			}
		},
		{
			"from": [7.49706, 9.25734, 9.00587],
			"to": [8.50294, 9.76028, 10.51468],
			"rotation": {
				"angle": 0,
				"axis": "y",
				"origin": [8, 7.49706, 10.01175]
			},
			"faces": {
				"north": {
					"uv": [7, 3.25, 8, 3.75],
					"texture": "#5"
				},
				"east": {
					"uv": [6.5, 6, 8, 6.5],
					"texture": "#5"
				},
				"south": {
					"uv": [7, 3.75, 8, 4.25],
					"texture": "#5"
				},
				"west": {
					"uv": [6.5, 6.5, 8, 7],
					"texture": "#5"
				},
				"up": {
					"uv": [3.5, 6.75, 2.5, 5.25],
					"texture": "#5"
				},
				"down": {
					"uv": [6.25, 2.5, 5.25, 4],
					"texture": "#5"
				}
			}
		},
		{
			"from": [7.8114, 9.25734, 9.25734],
			"to": [8.1886, 9.50881, 10.01175],
			"rotation": {
				"angle": -22.5,
				"axis": "x",
				"origin": [8, 7.49706, 10.76615]
			},
			"faces": {
				"north": {
					"uv": [2.25, 7.75, 2.75, 8],
					"texture": "#5"
				},
				"east": {
					"uv": [7.75, 1.25, 8.5, 1.5],
					"texture": "#5"
				},
				"south": {
					"uv": [7.75, 2.5, 8.25, 2.75],
					"texture": "#5"
				},
				"west": {
					"uv": [7.75, 1.5, 8.5, 1.75],
					"texture": "#5"
				},
				"up": {
					"uv": [7.5, 7.75, 7, 7],
					"texture": "#5"
				},
				"down": {
					"uv": [7.75, 1, 7.25, 1.75],
					"texture": "#5"
				}
			}
		},
		{
			"from": [7.8114, 9.50881, 9.25734],
			"to": [8.1886, 10.26321, 9.50881],
			"rotation": {
				"angle": -22.5,
				"axis": "x",
				"origin": [8, 7.49706, 10.76615]
			},
			"faces": {
				"north": {
					"uv": [7.25, 1.75, 7.75, 2.5],
					"texture": "#5"
				},
				"east": {
					"uv": [7.75, 1.75, 8, 2.5],
					"texture": "#5"
				},
				"south": {
					"uv": [4.5, 7.25, 5, 8],
					"texture": "#5"
				},
				"west": {
					"uv": [2, 7.75, 2.25, 8.5],
					"texture": "#5"
				},
				"up": {
					"uv": [3.25, 8, 2.75, 7.75],
					"texture": "#5"
				},
				"down": {
					"uv": [8.25, 2.75, 7.75, 3],
					"texture": "#5"
				}
			}
		},
		{
			"from": [7.72528, 9.25734, 5.98825],
			"to": [8.27472, 9.50881, 6.23972],
			"rotation": {
				"angle": 0,
				"axis": "y",
				"origin": [8, 7.49706, 10.01175]
			},
			"faces": {
				"north": {
					"uv": [7.75, 3, 8.25, 3.25],
					"texture": "#5"
				},
				"east": {
					"uv": [5, 1, 5.25, 1.25],
					"texture": "#5"
				},
				"south": {
					"uv": [6.5, 7.75, 7, 8],
					"texture": "#5"
				},
				"west": {
					"uv": [5, 1.25, 5.25, 1.5],
					"texture": "#5"
				},
				"up": {
					"uv": [7.5, 8, 7, 7.75],
					"texture": "#5"
				},
				"down": {
					"uv": [1.25, 8, 0.75, 8.25],
					"texture": "#5"
				}
			}
		},
		{
			"from": [7.74853, 9.50881, 4.92548],
			"to": [8.25147, 10.01175, 6.93722],
			"rotation": {
				"angle": 0,
				"axis": "y",
				"origin": [8, 7.49706, 10.01175]
			},
			"faces": {
				"north": {
					"uv": [7.5, 7.5, 8, 8],
					"texture": "#5"
				},
				"east": {
					"uv": [6, 5, 8, 5.5],
					"texture": "#5"
				},
				"south": {
					"uv": [0, 7.75, 0.5, 8.25],
					"texture": "#5"
				},
				"west": {
					"uv": [6, 5.5, 8, 6],
					"texture": "#5"
				},
				"up": {
					"uv": [5, 7.25, 4.5, 5.25],
					"texture": "#5"
				},
				"down": {
					"uv": [6.5, 6, 6, 8],
					"texture": "#5"
				}
			}
		}
	]
}