{
	"textures": {
		"0": "minecraft:custom/impossible_dragon/impossible_dragon"
	},
	"display": {
		"head": {
			"rotation": [0, 180, 0]
		}
	},
	"elements": [
		{
			"from": [3.5, -14.5, 8],
			"to": [12.5, 9.5, 17],
			"faces": {
				"north": {
					"uv": [13, 0.75, 13.75, 2.75],
					"texture": "#0"
				},
				"east": {
					"uv": [12.25, 0.75, 13, 2.75],
					"texture": "#0"
				},
				"south": {
					"uv": [14.5, 0.75, 15.25, 2.75],
					"texture": "#0"
				},
				"west": {
					"uv": [13.75, 0.75, 14.5, 2.75],
					"texture": "#0"
				},
				"up": {
					"uv": [13.75, 0.75, 13, 0],
					"texture": "#0"
				},
				"down": {
					"uv": [14.5, 0, 13.75, 0.75],
					"texture": "#0"
				}
			}
		}
	]
}