{
	"textures": {
		"0": "minecraft:custom/impossible_dragon/impossible_dragon"
	},
	"display": {
		"head": {
			"rotation": [0, 180, 0]
		}
	},
	"elements": [
		{
			"from": [4, -12, 4],
			"to": [12, 12, 12],
			"rotation": {
				"angle": 0,
				"axis": "y",
				"origin": [20, 4, 6]
			},
			"faces": {
				"north": {
					"uv": [7.5, 7, 8, 8.5],
					"texture": "#0"
				},
				"east": {
					"uv": [7, 7, 7.5, 8.5],
					"texture": "#0"
				},
				"south": {
					"uv": [8.5, 7, 9, 8.5],
					"texture": "#0"
				},
				"west": {
					"uv": [8, 7, 8.5, 8.5],
					"texture": "#0"
				},
				"up": {
					"uv": [8, 7, 7.5, 6.5],
					"texture": "#0"
				},
				"down": {
					"uv": [8.5, 6.5, 8, 7],
					"texture": "#0"
				}
			}
		}
	]
}