{
	"textures": {
		"0": "minecraft:custom/impossible_dragon/impossible_dragon"
	},
	"display": {
		"head": {
			"rotation": [0, 180, 0]
		}
	},
	"elements": [
		{
			"from": [2, 4, -8],
			"to": [14, 8, 8],
			"rotation": {
				"angle": 0,
				"axis": "y",
				"origin": [8, 6, 40]
			},
			"faces": {
				"north": {
					"uv": [12, 5.0625, 12.75, 5.3125],
					"texture": "#0"
				},
				"east": {
					"uv": [11, 5.0625, 12, 5.3125],
					"texture": "#0"
				},
				"south": {
					"uv": [13.75, 5.0625, 14.5, 5.3125],
					"texture": "#0"
				},
				"west": {
					"uv": [12.75, 5.0625, 13.75, 5.3125],
					"texture": "#0"
				},
				"up": {
					"uv": [12.75, 5.0625, 12, 4.0625],
					"texture": "#0"
				},
				"down": {
					"uv": [13.5, 4.0625, 12.75, 5.0625],
					"texture": "#0"
				}
			}
		},
		{
			"from": [12.25, 6.45, -5.5],
			"to": [12.75, 8.45, -3.5],
			"rotation": {
				"angle": -45,
				"axis": "x",
				"origin": [12.5, 6.45, -5.5]
			},
			"faces": {
				"north": {
					"uv": [15.9375, 15, 15.8125, 14.875],
					"texture": "#0"
				},
				"east": {
					"uv": [15.9375, 15, 15.8125, 14.875],
					"texture": "#0"
				},
				"south": {
					"uv": [15.9375, 15, 15.8125, 14.875],
					"texture": "#0"
				},
				"west": {
					"uv": [15.9375, 15, 15.8125, 14.875],
					"texture": "#0"
				},
				"up": {
					"uv": [15.9375, 15, 15.8125, 14.875],
					"texture": "#0"
				},
				"down": {
					"uv": [15.9375, 15, 15.8125, 14.875],
					"texture": "#0"
				}
			}
		},
		{
			"from": [12.25, 6.45, -2.5],
			"to": [12.75, 8.45, -0.5],
			"rotation": {
				"angle": -45,
				"axis": "x",
				"origin": [12.5, 6.45, -2.5]
			},
			"faces": {
				"north": {
					"uv": [15.9375, 15, 15.8125, 14.875],
					"texture": "#0"
				},
				"east": {
					"uv": [15.9375, 15, 15.8125, 14.875],
					"texture": "#0"
				},
				"south": {
					"uv": [15.9375, 15, 15.8125, 14.875],
					"texture": "#0"
				},
				"west": {
					"uv": [15.9375, 15, 15.8125, 14.875],
					"texture": "#0"
				},
				"up": {
					"uv": [15.9375, 15, 15.8125, 14.875],
					"texture": "#0"
				},
				"down": {
					"uv": [15.9375, 15, 15.8125, 14.875],
					"texture": "#0"
				}
			}
		},
		{
			"from": [12.25, 6.45, 0.5],
			"to": [12.75, 8.45, 2.5],
			"rotation": {
				"angle": -45,
				"axis": "x",
				"origin": [12.5, 6.45, 0.5]
			},
			"faces": {
				"north": {
					"uv": [15.9375, 15, 15.8125, 14.875],
					"texture": "#0"
				},
				"east": {
					"uv": [15.9375, 15, 15.8125, 14.875],
					"texture": "#0"
				},
				"south": {
					"uv": [15.9375, 15, 15.8125, 14.875],
					"texture": "#0"
				},
				"west": {
					"uv": [15.9375, 15, 15.8125, 14.875],
					"texture": "#0"
				},
				"up": {
					"uv": [15.9375, 15, 15.8125, 14.875],
					"texture": "#0"
				},
				"down": {
					"uv": [15.9375, 15, 15.8125, 14.875],
					"texture": "#0"
				}
			}
		},
		{
			"from": [12.25, 6.45, 3.5],
			"to": [12.75, 8.45, 5.5],
			"rotation": {
				"angle": -45,
				"axis": "x",
				"origin": [12.5, 6.45, 3.5]
			},
			"faces": {
				"north": {
					"uv": [15.9375, 15, 15.8125, 14.875],
					"texture": "#0"
				},
				"east": {
					"uv": [15.9375, 15, 15.8125, 14.875],
					"texture": "#0"
				},
				"south": {
					"uv": [15.9375, 15, 15.8125, 14.875],
					"texture": "#0"
				},
				"west": {
					"uv": [15.9375, 15, 15.8125, 14.875],
					"texture": "#0"
				},
				"up": {
					"uv": [15.9375, 15, 15.8125, 14.875],
					"texture": "#0"
				},
				"down": {
					"uv": [15.9375, 15, 15.8125, 14.875],
					"texture": "#0"
				}
			}
		},
		{
			"from": [3.25, 6.45, 3.5],
			"to": [3.75, 8.45, 5.5],
			"rotation": {
				"angle": -45,
				"axis": "x",
				"origin": [3.5, 6.45, 3.5]
			},
			"faces": {
				"north": {
					"uv": [15.9375, 15, 15.8125, 14.875],
					"texture": "#0"
				},
				"east": {
					"uv": [15.9375, 15, 15.8125, 14.875],
					"texture": "#0"
				},
				"south": {
					"uv": [15.9375, 15, 15.8125, 14.875],
					"texture": "#0"
				},
				"west": {
					"uv": [15.9375, 15, 15.8125, 14.875],
					"texture": "#0"
				},
				"up": {
					"uv": [15.9375, 15, 15.8125, 14.875],
					"texture": "#0"
				},
				"down": {
					"uv": [15.9375, 15, 15.8125, 14.875],
					"texture": "#0"
				}
			}
		},
		{
			"from": [3.25, 6.45, 0.5],
			"to": [3.75, 8.45, 2.5],
			"rotation": {
				"angle": -45,
				"axis": "x",
				"origin": [3.5, 6.45, 0.5]
			},
			"faces": {
				"north": {
					"uv": [15.9375, 15, 15.8125, 14.875],
					"texture": "#0"
				},
				"east": {
					"uv": [15.9375, 15, 15.8125, 14.875],
					"texture": "#0"
				},
				"south": {
					"uv": [15.9375, 15, 15.8125, 14.875],
					"texture": "#0"
				},
				"west": {
					"uv": [15.9375, 15, 15.8125, 14.875],
					"texture": "#0"
				},
				"up": {
					"uv": [15.9375, 15, 15.8125, 14.875],
					"texture": "#0"
				},
				"down": {
					"uv": [15.9375, 15, 15.8125, 14.875],
					"texture": "#0"
				}
			}
		},
		{
			"from": [3.25, 6.45, -2.5],
			"to": [3.75, 8.45, -0.5],
			"rotation": {
				"angle": -45,
				"axis": "x",
				"origin": [3.5, 6.45, -2.5]
			},
			"faces": {
				"north": {
					"uv": [15.9375, 15, 15.8125, 14.875],
					"texture": "#0"
				},
				"east": {
					"uv": [15.9375, 15, 15.8125, 14.875],
					"texture": "#0"
				},
				"south": {
					"uv": [15.9375, 15, 15.8125, 14.875],
					"texture": "#0"
				},
				"west": {
					"uv": [15.9375, 15, 15.8125, 14.875],
					"texture": "#0"
				},
				"up": {
					"uv": [15.9375, 15, 15.8125, 14.875],
					"texture": "#0"
				},
				"down": {
					"uv": [15.9375, 15, 15.8125, 14.875],
					"texture": "#0"
				}
			}
		},
		{
			"from": [3.25, 6.45, -5.5],
			"to": [3.75, 8.45, -3.5],
			"rotation": {
				"angle": -45,
				"axis": "x",
				"origin": [3.5, 6.45, -5.5]
			},
			"faces": {
				"north": {
					"uv": [15.9375, 15, 15.8125, 14.875],
					"texture": "#0"
				},
				"east": {
					"uv": [15.9375, 15, 15.8125, 14.875],
					"texture": "#0"
				},
				"south": {
					"uv": [15.9375, 15, 15.8125, 14.875],
					"texture": "#0"
				},
				"west": {
					"uv": [15.9375, 15, 15.8125, 14.875],
					"texture": "#0"
				},
				"up": {
					"uv": [15.9375, 15, 15.8125, 14.875],
					"texture": "#0"
				},
				"down": {
					"uv": [15.9375, 15, 15.8125, 14.875],
					"texture": "#0"
				}
			}
		},
		{
			"from": [2.75, 5.95, -7],
			"to": [4.75, 7.95, -6.75],
			"rotation": {
				"angle": -45,
				"axis": "z",
				"origin": [4.75, 5.95, -7]
			},
			"faces": {
				"north": {
					"uv": [15.9375, 15, 15.8125, 14.875],
					"rotation": 90,
					"texture": "#0"
				},
				"east": {
					"uv": [15.9375, 15, 15.8125, 14.875],
					"texture": "#0"
				},
				"south": {
					"uv": [15.9375, 15, 15.8125, 14.875],
					"rotation": 270,
					"texture": "#0"
				},
				"west": {
					"uv": [15.9375, 15, 15.8125, 14.875],
					"rotation": 180,
					"texture": "#0"
				},
				"up": {
					"uv": [15.9375, 15, 15.8125, 14.875],
					"rotation": 270,
					"texture": "#0"
				},
				"down": {
					"uv": [15.9375, 15, 15.8125, 14.875],
					"rotation": 270,
					"texture": "#0"
				}
			}
		},
		{
			"from": [9.25, 5.95, -7],
			"to": [11.25, 7.95, -6.75],
			"rotation": {
				"angle": -45,
				"axis": "z",
				"origin": [11.25, 5.95, -7]
			},
			"faces": {
				"north": {
					"uv": [15.9375, 15, 15.8125, 14.875],
					"rotation": 90,
					"texture": "#0"
				},
				"east": {
					"uv": [15.9375, 15, 15.8125, 14.875],
					"texture": "#0"
				},
				"south": {
					"uv": [15.9375, 15, 15.8125, 14.875],
					"rotation": 270,
					"texture": "#0"
				},
				"west": {
					"uv": [15.9375, 15, 15.8125, 14.875],
					"rotation": 180,
					"texture": "#0"
				},
				"up": {
					"uv": [15.9375, 15, 15.8125, 14.875],
					"rotation": 270,
					"texture": "#0"
				},
				"down": {
					"uv": [15.9375, 15, 15.8125, 14.875],
					"rotation": 270,
					"texture": "#0"
				}
			}
		},
		{
			"from": [6, 5.7, -7],
			"to": [8, 7.7, -6.75],
			"rotation": {
				"angle": -45,
				"axis": "z",
				"origin": [8, 5.7, -7]
			},
			"faces": {
				"north": {
					"uv": [15.9375, 15, 15.8125, 14.875],
					"rotation": 90,
					"texture": "#0"
				},
				"east": {
					"uv": [15.9375, 15, 15.8125, 14.875],
					"texture": "#0"
				},
				"south": {
					"uv": [15.9375, 15, 15.8125, 14.875],
					"rotation": 270,
					"texture": "#0"
				},
				"west": {
					"uv": [15.9375, 15, 15.8125, 14.875],
					"rotation": 180,
					"texture": "#0"
				},
				"up": {
					"uv": [15.9375, 15, 15.8125, 14.875],
					"rotation": 270,
					"texture": "#0"
				},
				"down": {
					"uv": [15.9375, 15, 15.8125, 14.875],
					"rotation": 270,
					"texture": "#0"
				}
			}
		},
		{
			"from": [7.5, 5.7, -7],
			"to": [9.5, 7.7, -6.75],
			"rotation": {
				"angle": -45,
				"axis": "z",
				"origin": [9.5, 5.7, -7]
			},
			"faces": {
				"north": {
					"uv": [15.9375, 15, 15.8125, 14.875],
					"rotation": 90,
					"texture": "#0"
				},
				"east": {
					"uv": [15.9375, 15, 15.8125, 14.875],
					"texture": "#0"
				},
				"south": {
					"uv": [15.9375, 15, 15.8125, 14.875],
					"rotation": 270,
					"texture": "#0"
				},
				"west": {
					"uv": [15.9375, 15, 15.8125, 14.875],
					"rotation": 180,
					"texture": "#0"
				},
				"up": {
					"uv": [15.9375, 15, 15.8125, 14.875],
					"rotation": 270,
					"texture": "#0"
				},
				"down": {
					"uv": [15.9375, 15, 15.8125, 14.875],
					"rotation": 270,
					"texture": "#0"
				}
			}
		},
		{
			"from": [4.5, 5.7, -7],
			"to": [6.5, 7.7, -6.75],
			"rotation": {
				"angle": -45,
				"axis": "z",
				"origin": [6.5, 5.7, -7]
			},
			"faces": {
				"north": {
					"uv": [15.9375, 15, 15.8125, 14.875],
					"rotation": 90,
					"texture": "#0"
				},
				"east": {
					"uv": [15.9375, 15, 15.8125, 14.875],
					"texture": "#0"
				},
				"south": {
					"uv": [15.9375, 15, 15.8125, 14.875],
					"rotation": 270,
					"texture": "#0"
				},
				"west": {
					"uv": [15.9375, 15, 15.8125, 14.875],
					"rotation": 180,
					"texture": "#0"
				},
				"up": {
					"uv": [15.9375, 15, 15.8125, 14.875],
					"rotation": 270,
					"texture": "#0"
				},
				"down": {
					"uv": [15.9375, 15, 15.8125, 14.875],
					"rotation": 270,
					"texture": "#0"
				}
			}
		}
	]
}