{
	"textures": {
		"0": "minecraft:custom/impossible_dragon/impossible_dragon"
	},
	"display": {
		"head": {
			"rotation": [0, 180, 0]
		}
	},
	"elements": [
		{
			"from": [-13.67742, 6.45161, 6.45161],
			"to": [8, 9.54839, 9.54839],
			"faces": {
				"north": {
					"uv": [11, 6, 7.5, 6.5],
					"texture": "#0"
				},
				"east": {
					"uv": [11.5, 6, 11, 6.5],
					"texture": "#0"
				},
				"south": {
					"uv": [15, 6, 11.5, 6.5],
					"texture": "#0"
				},
				"west": {
					"uv": [7.5, 6, 7, 6.5],
					"texture": "#0"
				},
				"up": {
					"uv": [7.5, 6, 11, 5.5],
					"texture": "#0"
				},
				"down": {
					"uv": [11, 5.5, 14.5, 6],
					"texture": "#0"
				}
			}
		},
		{
			"from": [-13.67742, 8, 8.77419],
			"to": [8, 8, 30.45161],
			"faces": {
				"north": {
					"uv": [3.5, 9, 0, 9],
					"texture": "#0"
				},
				"east": {
					"uv": [7, 9, 3.5, 9],
					"texture": "#0"
				},
				"south": {
					"uv": [10.5, 9, 7, 9],
					"texture": "#0"
				},
				"west": {
					"uv": [0, 9, -3.5, 9],
					"texture": "#0"
				},
				"up": {
					"uv": [0, 9, 3.5, 5.5],
					"texture": "#0"
				},
				"down": {
					"uv": [0, 5.5, 3.5, 9],
					"texture": "#0"
				}
			}
		}
	]
}